{
  "controller/Main-dbg.controller.js.map": 1737107247214,
  "localData/spots.json": 1737094485352,
  "manifest.json": 1737107246904,
  "model/models.ts": 1737025287504,
  "format/util.ts": 1737100370422,
  "controller/SpotStatus.controller.ts": 1737106120040,
  "controller/Main.controller.ts": 1737087315357,
  "controller/App.controller.ts": 1737025287504,
  "Component.ts": 1737025287500,
  "controller/Main.controller.js.map": 1737107247321,
  "format/util.js.map": 1737107247329,
  "controller/SpotStatus.controller.js.map": 1737107247330,
  "model/models.js.map": 1737107247318,
  "controller/App.controller.js.map": 1737107247318,
  "Component.js.map": 1737107247322,
  "controller/Main.controller.js": 1737107247199,
  "format/util.js": 1737107247199,
  "controller/SpotStatus.controller.js": 1737107247199,
  "model/models.js": 1737107247199,
  "controller/App.controller.js": 1737107247200,
  "Component.js": 1737107247200,
  "controller/App-dbg.controller.js": 1737107247200,
  "controller/App-dbg.controller.js.map": 1737107247210,
  "format/util-dbg.js": 1737107247199,
  "format/util-dbg.js.map": 1737107247213,
  "controller/SpotStatus-dbg.controller.js": 1737107247199,
  "controller/SpotStatus-dbg.controller.js.map": 1737107247213,
  "model/models-dbg.js": 1737107247199,
  "model/models-dbg.js.map": 1737107247214,
  "controller/Main-dbg.controller.js": 1737107247199,
  "i18n/i18n.properties": 1737106972115,
  "Component-dbg.js": 1737107247200,
  "Component-dbg.js.map": 1737107247214,
  "Component-preload.js": 1737107247400,
  "Component-preload.js.map": 1737107247400,
  "view/SpotStatus.view.xml": 1737106729185,
  "view/Main.view.xml": 1737094997593,
  "view/App.view.xml": 1737025287508,
  "css/style.css": 1737025287504,
  "index.html": 1737025287496
}